"X","species","lat","lon","elev","species_factor"
2,1,25.126881,121.517863,3,"presence"
3,1,25.124614,121.517647,3,"presence"
4,1,21.9,106.800003,197,"presence"
5,1,29.5,117.5,400,"presence"
6,1,24.6,121.31667,1150,"presence"
7,1,24.361667,120.727778,315,"presence"
8,1,26.163056,119.949444,66,"presence"
9,1,24.463333,118.416111,216,"presence"
10,1,24.463056,118.415556,194,"presence"
11,1,25.098056,121.584722,303,"presence"
12,1,24.361944,120.728056,315,"presence"
13,1,25.126944,121.518889,156,"presence"
14,1,24.379444,120.721944,250,"presence"
15,1,24.376701,120.716956,250,"presence"
18,1,23.482511,111.795021,233,"presence"
19,1,24.88333,121.7,340,"presence"
21,1,24.08333,121.01667,640,"presence"
29,1,26.72,117.47,243,"presence"
30,1,29.816667,108.75,1150,"presence"
31,1,24.466667,118.383333,7,"presence"
32,1,30.05,109.833333,1744,"presence"
35,1,29.1,107,920,"presence"
36,1,26.066667,110.13333,861,"presence"
38,1,30.353794,119.436458,988,"presence"
39,1,29.788188,121.777939,200,"presence"
65,1,23.83,120.98,695,"presence"
66,1,26.32,116.34,250,"presence"
67,1,24.81,106.51,1246,"presence"
68,1,33.32,106.15,920,"presence"
69,1,23.9,106.61,162,"presence"
70,1,33.61,106.92,1130,"presence"
71,1,27.17,107.4,1044,"presence"
74,1,25.88,116.02,188,"presence"
75,1,28.67,118.24,127,"presence"
76,1,26.67,106.33,1307,"presence"
78,1,22.54,114.05,3,"presence"
79,1,27.2,109.83,258,"presence"
80,1,33.22,107.54,488,"presence"
81,1,28.56,108.5,458,"presence"
83,1,25.033889,121.5,4,"presence"
85,1,26.94,108.79,652,"presence"
86,1,24.819877,106.511936,1246,"presence"
87,1,28.26005,117.069218,44,"presence"
88,1,25.3,108.6,893,"presence"
89,1,33.06,107.03,511,"presence"
90,1,27.51,108.23,607,"presence"
91,1,30.02,108.18,676,"presence"
92,1,29,109.85,316,"presence"
93,1,27.3,105.28,1556,"presence"
94,1,29.35,107.61,1465,"presence"
95,1,27.75,118.03,195,"presence"
96,1,27.69,108.85,442,"presence"
102,1,26.72,110.63,485,"presence"
104,1,29.86,118.43,161,"presence"
106,1,25.17,110.35,156,"presence"
108,1,28.26,108.11,744,"presence"
109,1,28.15,109.2,912,"presence"
113,1,30.27,120.17,15,"presence"
115,1,29.33,108.24,848,"presence"
116,1,29.69,111.02,326,"presence"
117,1,26.43,110.85,349,"presence"
118,1,24.07,114.17,200,"presence"
119,1,25.04,116.42,179,"presence"
120,1,27.33,118.12,209,"presence"
121,1,32.58,110.7,751,"presence"
123,1,29.42,111.13,341,"presence"
124,1,32.1,114.08,122,"presence"
126,1,30.6,109.72,645,"presence"
129,1,28.43,118.19,123,"presence"
130,1,32.38,109.36,819,"presence"
132,1,31.04,110.34,861,"presence"
134,1,29.49,103.39,840,"presence"
139,1,30.19,119.36,188,"presence"
140,1,31.37,119.82,4,"presence"
142,1,24.175587,110.235565,1196,"presence"
143,1,27.39,114.61,110,"presence"
144,1,29.86,121.54,8,"presence"
147,1,24.83,114.14,568,"presence"
149,1,31.5,110.5,1858,"presence"
150,1,26.00537,110.599945,612,"presence"
151,1,31.05,109.41,353,"presence"
158,1,29.59,121.41,103,"presence"
160,1,30.06,102.75,774,"presence"
161,1,29.14,120.97,309,"presence"
162,1,24.33,116.62,376,"presence"
164,1,31.82,108.62,1257,"presence"
166,1,33.15,107.33,479,"presence"
175,1,31.79,115.4,116,"presence"
176,1,29.67,109.15,1070,"presence"
179,1,24.44,114.93,229,"presence"
181,1,25.60168,110.585686,307,"presence"
183,1,30.023401,108.185012,676,"presence"
188,1,32.05,118.79,3,"presence"
190,1,28.6,116.06,30,"presence"
194,1,30.29,108.93,1303,"presence"
201,1,26.58,107.97,747,"presence"
203,1,31.33,110.78,745,"presence"
208,1,32.08,118.27,10,"presence"
209,1,32.287722,105.524765,711,"presence"
210,1,25.12,113.77,144,"presence"
212,1,23.65,113.67,94,"presence"
213,1,26.58,114.1,1201,"presence"
214,1,24.81,113.18,306,"presence"
217,1,29.61,115.99,544,"presence"
220,1,28.676309,118.242051,162,"presence"
221,1,29.47,103.7,403,"presence"
225,1,30.273977,120.172974,15,"presence"
228,1,22.42,114.12,334,"presence"
229,1,28.44,117.97,64,"presence"
230,1,25.09,121.55,6,"presence"
231,1,28.65,105.1,366,"presence"
233,1,21.9,106.8,197,"presence"
234,1,25.722231,108.864586,408,"presence"
240,1,24.6,121.316667,1150,"presence"
241,1,25.033333,121.5,600,"presence"
242,1,23.133333,121.316667,615,"presence"
244,1,24.376667,120.721944,400,"presence"
247,1,25.031634,113.745146,133,"presence"
248,1,26.4,110.8,393,"presence"
249,1,25.0289,113.741,133,"presence"
250,1,23.167089,112.550904,114,"presence"
251,1,29.383203,106.523824,356,"presence"
253,1,27.946853,107.190331,1051,"presence"
254,1,24.813781,113.184435,306,"presence"
255,1,28.550025,107.443961,822,"presence"
256,1,29.496119,103.398589,840,"presence"
257,1,28.327568,106.203471,1370,"presence"
261,1,22.097768,107.957979,383,"presence"
262,1,27.340665,117.492653,231,"presence"
264,1,25.39996,112.948819,243,"presence"
265,1,24.399048,113.987821,381,"presence"
266,1,25.175621,110.351669,156,"presence"
267,1,23.376207,110.79743,118,"presence"
268,1,21.981682,108.653798,9,"presence"
270,1,22.073342,112.666329,28,"presence"
271,1,25.124499,113.773813,144,"presence"
272,1,24.466672,112.626493,314,"presence"
276,1,22.929376,112.044025,334,"presence"
279,1,26.79023,114.90886,73,"presence"
280,1,23.03755,114.639319,36,"presence"
282,1,24.045429,109.85442,136,"presence"
283,1,22.464142,107.839351,137,"presence"
284,1,23.25013,111.266023,160,"presence"
286,1,27.748854,107.465644,968,"presence"
287,1,32.055645,118.797741,3,"presence"
288,1,32.38885,109.361869,819,"presence"
289,1,29.955836,118.248811,268,"presence"
290,1,32.983099,107.766609,470,"presence"
295,1,32.085274,118.273326,10,"presence"
296,1,31.042327,110.340757,861,"presence"
299,1,27.221519,112.805557,85,"presence"
300,1,30.290996,108.936374,1303,"presence"
303,1,28.672732,104.010884,584,"presence"
306,1,29.371237,112.409331,35,"presence"
307,1,25.440455,118.698285,391,"presence"
308,1,25.091075,121.559835,6,"presence"
309,1,32.637983,103.59895,3036,"presence"
310,1,29.47037,103.701217,403,"presence"
311,1,31.865239,106.744731,403,"presence"
313,1,25.8568,118.80199,752,"presence"
315,1,31.824099,108.629497,1257,"presence"
318,1,31.662505,120.833688,5,"presence"
321,1,26.076106,119.306406,16,"presence"
322,1,23.127041,113.341527,12,"presence"
326,1,24.363061,120.723225,250,"presence"
327,1,24.368303,120.726211,250,"presence"
328,1,24.371559,120.729269,250,"presence"
329,1,24.360007,120.732044,250,"presence"
330,1,24.363586,120.714334,250,"presence"
331,1,24.371734,120.726164,250,"presence"
332,1,24.359369,120.728743,250,"presence"
333,1,24.359555,120.732242,250,"presence"
334,1,24.371826,120.727297,250,"presence"
335,1,24.372008,120.727888,250,"presence"
336,1,24.360368,120.732004,250,"presence"
337,1,24.359989,120.722099,250,"presence"
338,1,24.37137,120.724863,250,"presence"
339,1,24.368846,120.727225,250,"presence"
340,1,24.370101,120.722077,250,"presence"
341,1,24.372459,120.72769,250,"presence"
342,1,24.365137,120.722984,250,"presence"
343,1,24.360263,120.72406,250,"presence"
344,1,24.365774,120.726019,250,"presence"
345,1,24.370737,120.723919,250,"presence"
346,1,24.359731,120.729255,250,"presence"
347,1,24.369206,120.726169,250,"presence"
348,1,24.37011,120.727183,250,"presence"
349,1,24.358286,120.729337,250,"presence"
350,1,24.363242,120.723935,250,"presence"
351,1,24.370113,120.72876,250,"presence"
352,1,24.359809,120.722562,250,"presence"
353,1,24.359193,120.731415,250,"presence"
354,1,24.359356,120.721942,250,"presence"
355,1,24.358284,120.728194,250,"presence"
356,1,24.359451,120.724258,250,"presence"
357,1,24.364507,120.72409,250,"presence"
358,1,24.368849,120.728408,250,"presence"
359,1,24.360091,120.728505,250,"presence"
360,1,24.358741,120.731061,250,"presence"
361,1,24.360728,120.731293,250,"presence"
362,1,24.35963,120.723667,250,"presence"
363,1,24.370925,120.728048,250,"presence"
364,1,24.371106,120.72856,250,"presence"
365,1,24.368662,120.724909,250,"presence"
366,1,24.365769,120.722944,250,"presence"
367,1,24.359011,120.730715,250,"presence"
368,1,24.372733,120.729385,250,"presence"
369,1,24.366953,120.728766,250,"presence"
370,1,24.358643,120.726695,250,"presence"
371,1,24.46,118.41,15,"presence"
372,1,24.5,121.12,2009,"presence"
374,1,24.58,121.32,1740,"presence"
377,1,27.243947,112.729951,98,"presence"
379,1,26.221887,111.631136,132,"presence"
380,1,27.06032,110.575848,316,"presence"
381,1,27.443411,109.68514,254,"presence"
382,1,25.255089,110.050532,175,"presence"
383,1,24.442178,114.938686,229,"presence"
384,1,24.33566,116.625881,376,"presence"
385,1,21.861339,111.981851,13,"presence"
387,1,25.526439,111.600795,172,"presence"
390,1,25.570976,111.945802,210,"presence"
392,1,23.395774,106.626638,740,"presence"
396,1,24.403562,111.566656,109,"presence"
398,1,24.186045,113.415062,23,"presence"
400,1,25.635742,109.592453,452,"presence"
401,1,23.917736,116.274769,506,"presence"
404,1,25.742153,110.040007,389,"presence"
405,1,23.160603,106.288701,807,"presence"
409,1,33.037845,108.247744,440,"presence"
414,1,33.156784,107.333733,479,"presence"
415,1,22.446542,111.031652,346,"presence"
416,1,23.490446,111.295924,73,"presence"
420,1,33.327283,106.156715,920,"presence"
421,1,25.03299,109.926496,394,"presence"
423,1,23.9022,106.618742,143,"presence"
429,1,24.095943,110.991129,338,"presence"
437,1,27.99,108.4,763,"presence"
440,1,31.370137,109.629918,541,"presence"
444,1,31.732429,105.9348,441,"presence"
448,1,29.290189,106.259272,255,"presence"
451,1,29.157849,107.099276,741,"presence"
452,1,31.114073,109.87945,262,"presence"
454,1,31.05468,109.411179,353,"presence"
455,1,29.32,114.96,175,"presence"
457,1,28.7,115.38,21,"presence"
462,1,29.351226,107.616845,738,"presence"
464,1,31.911853,107.244995,450,"presence"
470,1,32.536693,107.894969,814,"presence"
476,1,30.710589,104.088668,527,"presence"
477,1,30.791258,106.082997,300,"presence"
479,1,26.587146,114.100817,1201,"presence"
481,1,26.32496,114.514242,122,"presence"
485,1,28.52075,114.37098,337,"presence"
486,1,25.395202,114.358084,222,"presence"
488,1,24.911106,114.789812,212,"presence"
489,1,28.436327,118.191314,97,"presence"
490,1,28.443318,117.976373,64,"presence"
492,1,29.671778,115.989221,166,"presence"
493,1,26.326566,116.343476,250,"presence"
494,1,27.706099,117.060259,321,"presence"
495,1,27.218447,116.525727,97,"presence"
496,1,28.315215,117.70945,57,"presence"
497,1,25.136922,115.393921,452,"presence"
498,1,24.95476,115.650136,321,"presence"
499,1,29.61015,115.998104,938,"presence"
501,1,29.247988,117.862004,120,"presence"
502,1,27.392869,114.619889,95,"presence"
503,1,29.243579,113.814207,145,"presence"
505,1,25.885558,116.027126,188,"presence"
508,1,26.883388,112.636954,66,"presence"
509,1,32.144677,110.712211,516,"presence"
510,1,32.089392,109.815677,1095,"presence"
511,1,33.31033,108.314391,1058,"presence"
516,1,29.326488,114.963105,175,"presence"
519,1,31.237023,120.406916,9,"presence"
520,1,23.496251,108.623457,122,"presence"
524,1,24.95476,115.650137,321,"presence"
530,1,31.92228,119.174162,14,"presence"
535,1,31.375019,119.823343,4,"presence"
539,1,31.462191,116.948669,21,"presence"
544,1,32.394476,119.413201,7,"presence"
545,1,31.869157,118.802987,5,"presence"
550,1,29.854053,117.71739,121,"presence"
560,1,26.837264,116.325753,155,"presence"
578,1,31.67832,115.879605,348,"presence"
579,1,30.893783,119.417203,25,"presence"
580,1,28.59204,119.276247,534,"presence"
582,1,29.786224,118.182474,159,"presence"
583,1,29.144543,120.976081,107,"presence"
585,1,31.526047,120.31968,16,"presence"
588,1,29.866159,118.431373,161,"presence"
595,1,31.131368,118.174192,41,"presence"
599,1,32.059064,119.418318,32,"presence"
601,1,30.690534,118.406439,23,"presence"
603,1,28.746779,115.826905,23,"presence"
604,1,29.590681,121.414633,103,"presence"
606,1,31.579934,120.299456,9,"presence"
610,1,28.627021,121.213617,6,"presence"
612,1,28.253586,121.022805,22,"presence"
615,1,30.952825,117.791548,42,"presence"
620,1,30.940716,118.758817,11,"presence"
621,1,30.553863,114.316006,27,"presence"
626,1,27.98704,120.65486,76,"presence"
629,1,27.954691,107.716355,847,"presence"
630,1,27.69375,108.850061,442,"presence"
631,1,29.031361,119.63238,50,"presence"
632,1,29.578225,118.875568,55,"presence"
645,1,27.756659,118.035307,432,"presence"
649,1,31.905842,102.206261,3012,"presence"
650,1,28.154072,109.202889,912,"presence"
651,1,24.780744,112.377423,239,"presence"
654,1,27.517207,108.234515,663,"presence"
656,1,32.445845,104.553645,1316,"presence"
658,1,26.009594,108.450605,561,"presence"
659,1,31.331599,110.783719,1016,"presence"
661,1,29.805032,106.395571,308,"presence"
664,1,24.831971,114.142574,568,"presence"
666,1,24.479669,118.089767,73,"presence"
670,1,27.973349,119.635867,724,"presence"
676,1,26.588884,107.977112,747,"presence"
677,1,33.068384,107.031898,511,"presence"
680,1,23.651079,113.671053,94,"presence"
684,1,27.561804,119.938731,649,"presence"
685,1,25.183457,114.338043,156,"presence"
688,1,25.133406,105.399807,1288,"presence"
689,1,24.567694,112.080663,387,"presence"
690,1,26.640478,118.182303,344,"presence"
691,1,23.089611,114.417425,19,"presence"
692,1,24.079566,114.176992,200,"presence"
693,1,23.101721,112.755582,14,"presence"
695,1,29.457648,109.443795,574,"presence"
696,1,31.392687,116.332887,115,"presence"
697,1,29.868336,121.54399,8,"presence"
698,1,28.074413,119.141815,222,"presence"
701,1,29.010101,114.41263,388,"presence"
702,1,28.861475,115.362625,97,"presence"
705,1,28.45,110.4,370,"presence"
706,1,27.8,114.68,58,"presence"
707,1,24.32,109.48,265,"presence"
709,1,24.98,112.83,800,"presence"
710,1,24.07,114.2,178,"presence"
711,1,29.5,121.23,501,"presence"
712,1,28.6,119.27,534,"presence"
713,1,29.37,103.08,1050,"presence"
714,1,29.5,116,106,"presence"
715,1,23.18,113.27,150,"presence"
716,1,29.38,106.52,356,"presence"
717,1,26.65,118.17,730,"presence"
718,1,30.47,111.15,1500,"presence"
719,1,29.1,119.65,42,"presence"
720,1,32.07,118.83,75,"presence"
722,1,29.342501,115.972806,16,"presence"
723,1,30.77,119.32,197,"presence"
726,1,27.93,119.45,846,"presence"
728,1,25.07,102.68,1907,"presence"
729,1,31.97,108.8,2030,"presence"
730,1,27.92,108.68,1400,"presence"
731,1,25.68,109.65,418,"presence"
732,1,22.4,113.98,140,"presence"
733,1,26.12,119.45,174,"presence"
735,1,27.7,108.85,450,"presence"
737,1,22.5,114.13,179,"presence"
738,1,27.62,119.32,1500,"presence"
739,1,23.08,114.4,59,"presence"
740,1,24.3,112.72,474,"presence"
741,1,24.5,121.58333,1930,"presence"
742,1,26.466667,111.316667,173,"presence"
743,1,24.48333,109.73333,265,"presence"
744,1,27.81111,114.66805,260,"presence"
745,1,29.016667,107,920,"presence"
747,1,26.066667,110.133333,350,"presence"
748,1,27.25,112.683333,400,"presence"
751,1,26.1,117.033333,506,"presence"
5119,0,29.57916736,114.0958143,70,"absence"
16772,0,28.74583416,121.0541365,190,"absence"
3772,0,23.45416834,108.6791563,120,"absence"
9527,0,25.53750134,109.0124891,330,"absence"
10107,0,32.6625002,115.3041457,50,"absence"
16377,0,25.24583472,121.5541357,609,"absence"
10025,0,29.91250064,109.2208221,1212,"absence"
5158,0,22.62083514,108.8458227,127,"absence"
15793,0,33.53750006,105.5124947,1334,"absence"
2994,0,23.53750166,108.3458235,273,"absence"
6914,0,33.16250012,109.6374881,1148,"absence"
11964,0,24.37083486,103.8041641,2025,"absence"
2735,0,29.99583396,118.8458067,770,"absence"
2760,0,30.12083394,117.3458091,420,"absence"
4170,0,28.78750082,112.5541501,29,"absence"
5101,0,24.78750146,116.5124771,223,"absence"
5345,0,23.0791684,114.5541469,41,"absence"
1476,0,25.41250136,106.8874925,501,"absence"
8340,0,29.91250064,114.8458131,315,"absence"
15176,0,24.1208349,107.9291575,492,"absence"
827,0,31.07916712,114.1791475,63,"absence"
19846,0,25.41250136,115.5124787,224,"absence"
2179,0,24.82916812,107.4291583,562,"absence"
2010,0,28.24583424,119.5541389,488,"absence"
2637,0,31.03750046,115.8041449,332,"absence"
435,0,21.70416862,112.6374833,165,"absence"
1592,0,33.03750014,112.9708161,114,"absence"
1158,0,27.28750106,102.4708329,2990,"absence"
2146,0,32.6625002,108.0958239,1165,"absence"
3664,0,31.66250036,104.3458299,882,"absence"
3895,0,29.66250068,109.4708217,634,"absence"
17857,0,30.74583384,118.8458067,152,"absence"
534,0,24.03750158,114.8874797,255,"absence"
14679,0,29.20416742,116.4708105,2,"absence"
19573,0,33.78750002,109.4291551,1267,"absence"
6080,0,24.03750158,110.1374873,620,"absence"
6779,0,23.37083502,109.0541557,100,"absence"
18174,0,23.495835,105.4291615,1535,"absence"
11823,0,25.12083474,105.1791619,1190,"absence"
7663,0,31.4125004,107.4291583,623,"absence"
19365,0,33.03750014,106.9708257,521,"absence"
1669,0,30.7875005,102.6374993,2955,"absence"
11331,0,27.91250096,119.6374721,731,"absence"
58310,0,23.37083502,116.3874773,8,"absence"
11760,0,28.66250084,107.8041577,1053,"absence"
15180,0,31.12083378,117.9708081,12,"absence"
10327,0,28.4958342,116.0124779,19,"absence"
13627,0,33.9125,112.1791507,716,"absence"
6954,0,33.7041667,103.8458307,3623,"absence"
8320,0,28.9125008,120.8874701,15,"absence"
15397,0,27.62083434,105.0541621,1558,"absence"
45,0,25.9958346,112.1791507,241,"absence"
19935,0,31.66250036,114.3874805,130,"absence"
5378,0,26.12083458,107.7624911,931,"absence"
6675,0,25.41250136,107.0958255,687,"absence"
9603,0,26.87083446,105.4708281,1608,"absence"
1813,0,24.70416814,106.1374937,771,"absence"
13346,0,31.07916712,108.7624895,875,"absence"
10718,0,25.41250136,117.1791427,762,"absence"
2773,0,29.45416738,116.8458099,55,"absence"
6344,0,27.28750106,113.4291487,92,"absence"
3217,0,28.7041675,115.5958119,99,"absence"
13465,0,24.3291682,113.8458147,166,"absence"
2682,0,26.66250116,103.6374977,2615,"absence"
3921,0,26.16250124,118.8458067,356,"absence"
13538,0,31.53750038,117.2208093,11,"absence"
6648,0,33.32916676,112.3041505,359,"absence"
18676,0,29.78750066,103.4708313,632,"absence"
9703,0,25.82916796,110.4291535,618,"absence"
9160,0,30.9958338,102.9708321,4057,"absence"
3370,0,30.3708339,118.0958079,289,"absence"
19085,0,26.87083446,119.8041385,78,"absence"
1690,0,33.87083334,117.2208093,34,"absence"
6056,0,33.62083338,118.0124747,18,"absence"
14866,0,25.32916804,107.5124915,914,"absence"
2230,0,29.1208341,116.4708105,2,"absence"
17044,0,32.37083358,102.7208325,4452,"absence"
10722,0,31.99583364,114.3874805,79,"absence"
60310,0,29.99583396,105.4708281,357,"absence"
11714,0,27.20416774,104.8874957,1528,"absence"
14318,0,31.28750042,110.8874861,907,"absence"
6364,0,32.32916692,118.5958071,8,"absence"
15159,0,27.91250096,115.2208125,25,"absence"
7669,0,28.41250088,114.4708137,456,"absence"
11033,0,26.53750118,112.5541501,144,"absence"
8170,0,31.4125004,103.9291639,1943,"absence"
16391,0,29.78750066,107.4291583,390,"absence"
7858,0,28.87083414,103.3874981,1600,"absence"
3736,0,23.0791684,106.0541605,972,"absence"
13500,0,33.7041667,114.2208141,55,"absence"
4769,0,23.57916832,114.0958143,77,"absence"
17984,0,25.62083466,104.9708289,1578,"absence"
19499,0,26.12083458,114.7208133,356,"absence"
13880,0,26.32916788,103.9291639,2141,"absence"
17467,0,25.7875013,105.3458283,1044,"absence"
17711,0,29.49583404,102.3458331,2933,"absence"
15752,0,30.62083386,117.8874749,31,"absence"
9374,0,21.99583524,114.1374809,0,"absence"
16496,0,30.1625006,103.4708313,612,"absence"
4109,0,29.91250064,114.7208133,291,"absence"
3504,0,32.07916696,119.2624727,54,"absence"
10226,0,27.57916768,119.0541397,920,"absence"
549,0,27.12083442,106.2624935,1256,"absence"
870,0,24.91250144,107.8874909,573,"absence"
1479,0,28.12083426,116.6791435,89,"absence"
19102,0,25.62083466,103.3874981,2134,"absence"
6404,0,28.78750082,120.9708033,663,"absence"
2267,0,32.62083354,114.6791467,48,"absence"
7808,0,23.16250172,103.7624975,1287,"absence"
7311,0,23.9125016,112.8458163,138,"absence"
8197,0,32.91250016,105.8041609,878,"absence"
7235,0,31.66250036,117.2624759,14,"absence"
12780,0,31.78750034,107.1374921,605,"absence"
4535,0,28.7041675,105.0124955,302,"absence"
2729,0,27.0375011,110.3874869,648,"absence"
7087,0,29.87083398,116.2624775,8,"absence"
8855,0,33.87083334,108.0958239,1310,"absence"
10576,0,26.8291678,107.8458243,813,"absence"
6250,0,30.66250052,121.1791363,0,"absence"
7699,0,24.70416814,104.8874957,1117,"absence"
3374,0,24.5375015,104.5541629,993,"absence"
2554,0,27.4541677,102.6791659,2422,"absence"
15986,0,25.28750138,105.3458283,1298,"absence"
13357,0,33.45416674,102.7624991,3456,"absence"
3167,0,22.37083518,108.0124907,152,"absence"
14646,0,27.74583432,111.0541525,487,"absence"
6166,0,27.4541677,107.7624911,1003,"absence"
4001,0,33.24583344,113.4291487,160,"absence"
6268,0,22.78750178,109.0541557,78,"absence"
5144,0,29.41250072,114.3458139,471,"absence"
1091,0,31.87083366,106.8874925,423,"absence"
15058,0,26.12083458,111.8041513,414,"absence"
6159,0,31.24583376,103.4291647,2318,"absence"
18145,0,33.16250012,105.3874949,1635,"absence"
15795,0,29.3291674,102.8458323,1667,"absence"
11897,0,23.12083506,110.3041537,175,"absence"
8632,0,26.99583444,110.8874861,371,"absence"
13594,0,26.28750122,107.6374913,815,"absence"
4169,0,24.82916812,114.5541469,413,"absence"
9379,0,32.82916684,110.5124867,398,"absence"
2762,0,26.49583452,103.5541645,2341,"absence"
14009,0,26.6208345,105.0958287,1917,"absence"
2808,0,28.41250088,107.8041577,1139,"absence"
12053,0,33.2875001,116.6791435,26,"absence"
6803,0,30.20416726,110.5124867,1540,"absence"
17573,0,27.57916768,116.5958103,94,"absence"
8260,0,27.74583432,102.4291663,2578,"absence"
2105,0,32.6625002,119.0124731,19,"absence"
1648,0,25.7875013,103.2624983,1949,"absence"
2493,0,21.74583528,109.4291551,33,"absence"
7305,0,33.12083346,104.6374961,1637,"absence"
11145,0,29.07916744,120.7208037,254,"absence"
13085,0,29.37083406,107.0958255,938,"absence"
12047,0,28.4958342,106.4291599,965,"absence"
2662,0,27.91250096,107.4291583,1258,"absence"
5272,0,27.78750098,110.0124875,355,"absence"
9969,0,32.91250016,104.1374969,3030,"absence"
7718,0,27.82916764,110.0541541,218,"absence"
17247,0,22.8708351,120.8874701,1473,"absence"
13108,0,31.91250032,111.8874845,249,"absence"
11292,0,24.87083478,112.0541509,486,"absence"
6655,0,24.20416822,115.5958119,208,"absence"
14739,0,33.82916668,107.7624911,1955,"absence"
14206,0,23.57916832,116.0124779,256,"absence"
13204,0,28.87083414,107.5124915,1212,"absence"
7003,0,27.2458344,108.8874893,420,"absence"
10692,0,32.28750026,117.5124755,53,"absence"
7476,0,22.62083514,108.5124899,93,"absence"
11034,0,31.32916708,109.3458219,797,"absence"
2944,0,28.03750094,113.8458147,248,"absence"
16659,0,31.45416706,121.1374697,8,"absence"
9442,0,33.24583344,104.8458291,2243,"absence"
3775,0,33.24583344,115.8458115,34,"absence"
1298,0,29.5375007,120.7208037,57,"absence"
4696,0,26.57916784,104.0124971,2219,"absence"
9728,0,31.6208337,115.9291447,359,"absence"
4689,0,31.03750046,115.6374785,285,"absence"
6787,0,32.28750026,111.7624847,137,"absence"
8178,0,31.2041671,107.4708249,325,"absence"
12433,0,29.78750066,112.4291503,32,"absence"
14038,0,26.70416782,110.2208205,871,"absence"
2245,0,25.24583472,108.0958239,528,"absence"
17359,0,24.3291682,104.2208301,1637,"absence"
11084,0,30.91250048,105.9708273,384,"absence"
19834,0,32.99583348,103.0124987,3629,"absence"
468,0,28.78750082,111.2208189,82,"absence"
15427,0,31.70416702,115.0958127,210,"absence"
4798,0,23.03750174,102.3041665,1566,"absence"
1926,0,23.37083502,108.3041569,129,"absence"
16178,0,31.57916704,103.5958311,3208,"absence"
6630,0,23.12083506,120.6791371,511,"absence"
3715,0,28.7041675,118.8041401,352,"absence"
1042,0,29.24583408,111.9708177,25,"absence"
14882,0,26.70416782,109.2208221,451,"absence"
8633,0,24.1208349,115.3874789,308,"absence"
2744,0,33.9125,117.5124755,19,"absence"
2027,0,27.8708343,112.3041505,125,"absence"
15132,0,32.37083358,114.8458131,37,"absence"
13999,0,33.87083334,111.6791515,1385,"absence"
18303,0,24.1208349,116.1791443,683,"absence"
6579,0,27.82916764,118.5958071,541,"absence"
17664,0,31.91250032,113.4708153,131,"absence"
3684,0,23.62083498,117.3458091,41,"absence"
4320,0,26.24583456,103.5124979,2514,"absence"
18220,0,30.9958338,109.9708209,1031,"absence"
2816,0,31.66250036,119.8041385,1,"absence"
14026,0,30.49583388,113.1791491,30,"absence"
8100,0,25.70416798,113.5124819,395,"absence"
13860,0,29.45416738,104.8041625,458,"absence"
37110,0,29.41250072,110.4708201,932,"absence"
12492,0,26.2041679,103.5541645,2246,"absence"
7901,0,23.37083502,114.3458139,74,"absence"
2847,0,32.53750022,107.0541589,1506,"absence"
1461,0,27.53750102,109.6791547,550,"absence"
10961,0,25.32916804,111.6374849,235,"absence"
43,0,28.53750086,105.0958287,437,"absence"
8853,0,32.62083354,106.2624935,1542,"absence"
4155,0,30.32916724,114.6374801,17,"absence"
10426,0,23.41250168,116.4708105,25,"absence"
155,0,26.16250124,111.5124851,145,"absence"
2809,0,27.99583428,102.4708329,2873,"absence"
6084,0,23.2875017,111.7208181,122,"absence"
1514,0,27.99583428,112.3458171,154,"absence"
11769,0,32.53750022,110.0541541,1067,"absence"
9827,0,24.66250148,118.5124739,9,"absence"
13816,0,32.78750018,103.0958319,3690,"absence"
9452,0,32.49583356,111.5541517,106,"absence"
6024,0,27.78750098,116.3874773,64,"absence"
6001,0,33.24583344,114.5958135,41,"absence"
18797,0,31.16250044,111.6374849,240,"absence"
9952,0,27.49583436,109.0124891,776,"absence"
7417,0,31.70416702,104.3874965,1071,"absence"
5532,0,31.37083374,113.3041489,112,"absence"
10182,0,28.7041675,117.3874757,268,"absence"
8918,0,31.2041671,105.0958287,465,"absence"
10289,0,30.28750058,117.4708089,412,"absence"
1723,0,31.07916712,120.2624711,8,"absence"
7135,0,32.37083358,118.1791411,57,"absence"
5928,0,21.87083526,109.9291543,100,"absence"
5651,0,31.2041671,102.7208325,4486,"absence"
120100,0,24.1208349,113.1791491,81,"absence"
2720,0,33.57916672,117.9291415,24,"absence"
1857,0,24.9541681,104.8874957,1410,"absence"
11478,0,32.32916692,106.6374929,845,"absence"
5367,0,31.37083374,104.3874965,562,"absence"
13172,0,26.4125012,104.6791627,1415,"absence"
2235,0,28.41250088,112.2208173,145,"absence"
2044,0,28.62083418,107.5958247,1001,"absence"
4694,0,25.45416802,109.9291543,752,"absence"
5905,0,32.2458336,116.9708097,48,"absence"
9840,0,28.87083414,110.8874861,328,"absence"
8563,0,24.5375015,108.5124899,301,"absence"
4385,0,23.7041683,108.5958231,312,"absence"
2625,0,23.82916828,104.3874965,1581,"absence"
4263,0,24.16250156,108.1374905,610,"absence"
4262,0,31.28750042,110.3458203,955,"absence"
17624,0,30.62083386,121.0958031,6,"absence"
3131,0,31.03750046,117.2624759,20,"absence"
17096,0,22.91250176,113.1374825,9,"absence"
7509,0,25.95416794,113.7624815,884,"absence"
3407,0,31.57916704,115.0541461,548,"absence"
14958,0,31.4125004,112.0124843,261,"absence"
17595,0,30.62083386,107.0958255,366,"absence"
17856,0,33.57916672,110.8874861,793,"absence"
18227,0,26.74583448,115.6791451,300,"absence"
3312,0,32.53750022,115.2208125,60,"absence"
9028,0,22.2458352,110.5958199,92,"absence"
11875,0,24.41250152,115.5541453,337,"absence"
4450,0,25.07916808,105.6791611,1264,"absence"
4091,0,25.9958346,111.0124859,173,"absence"
11711,0,24.07916824,111.8458179,321,"absence"
30910,0,24.99583476,104.4291631,1529,"absence"
2256,0,32.41250024,118.2624743,33,"absence"
5917,0,29.03750078,117.0958095,35,"absence"
3263,0,22.20416854,109.5958215,91,"absence"
868,0,25.66250132,104.4708297,2047,"absence"
19880,0,30.74583384,113.0958159,34,"absence"
4979,0,24.24583488,116.3041441,885,"absence"
1880,0,29.99583396,115.6791451,23,"absence"
17392,0,33.03750014,108.5124899,721,"absence"
10679,0,32.70416686,111.1374857,119,"absence"
12440,0,23.495835,107.6791579,309,"absence"
1964,0,30.5791672,105.3874949,376,"absence"
1300,0,33.12083346,114.2208141,36,"absence"
8422,0,31.99583364,114.0958143,142,"absence"
10348,0,26.78750114,105.2624951,1866,"absence"
674,0,30.07916728,106.6374929,947,"absence"
13259,0,30.53750054,109.4708217,1014,"absence"
5830,0,32.41250024,113.9708145,90,"absence"
2942,0,28.99583412,121.5124691,72,"absence"
6935,0,29.41250072,111.7624847,51,"absence"
3295,0,26.07916792,119.5541389,87,"absence"
9702,0,24.91250144,113.9708145,494,"absence"
10125,0,29.57916736,107.3041585,688,"absence"
17278,0,23.41250168,103.8458307,2038,"absence"
9412,0,31.16250044,106.0541605,376,"absence"
4216,0,29.03750078,114.2624807,137,"absence"
512,0,25.95416794,104.1374969,2150,"absence"
2204,0,27.82916764,103.3041649,2163,"absence"
15539,0,28.41250088,115.4708121,27,"absence"
18836,0,22.78750178,107.9708241,77,"absence"
8424,0,28.32916756,115.8041449,25,"absence"
4469,0,30.62083386,104.0958303,501,"absence"
18281,0,26.87083446,119.4708057,131,"absence"
10970,0,23.87083494,107.6374913,693,"absence"
12764,0,22.99583508,103.9291639,867,"absence"
16414,0,23.9125016,114.5124803,124,"absence"
19123,0,23.41250168,104.1791635,1393,"absence"
5184,0,30.20416726,114.5958135,7,"absence"
11545,0,33.66250004,110.6374865,731,"absence"
13751,0,32.8708335,107.4708249,972,"absence"
4023,0,28.03750094,106.5958263,714,"absence"
8551,0,27.82916764,111.0124859,1046,"absence"
4651,0,32.70416686,114.4708137,57,"absence"
8135,0,30.62083386,109.8458211,858,"absence"
16551,0,26.32916788,114.1791475,618,"absence"
16431,0,32.20416694,112.3874837,92,"absence"
15272,0,31.53750038,118.5958071,4,"absence"
14062,0,23.0791684,109.2208221,239,"absence"
8976,0,23.66250164,103.9708305,1460,"absence"
7229,0,25.20416806,113.7208149,236,"absence"
2635,0,25.3708347,107.8874909,852,"absence"
81000,0,26.24583456,109.3041553,876,"absence"
12436,0,28.4958342,120.6374705,611,"absence"
842,0,21.70416862,110.9291527,29,"absence"
13035,0,25.62083466,104.1791635,2255,"absence"
8363,0,24.78750146,105.2208285,906,"absence"
15743,0,31.87083366,108.0958239,868,"absence"
413,0,31.4125004,114.6374801,75,"absence"
5410,0,27.62083434,111.2208189,643,"absence"
3907,0,28.66250084,113.7624815,118,"absence"
11109,0,30.24583392,104.5958295,423,"absence"
16791,0,29.16250076,119.0124731,77,"absence"
12920,0,26.37083454,117.5541421,428,"absence"
19831,0,31.95416698,117.5541421,30,"absence"
14556,0,26.74583448,104.8041625,1899,"absence"
7763,0,27.07916776,115.3041457,151,"absence"
563,0,23.53750166,114.7208133,28,"absence"
2326,0,28.87083414,114.8874797,1241,"absence"
19773,0,33.7041667,106.8041593,1758,"absence"
4811,0,28.03750094,116.5958103,75,"absence"
2090,0,31.6208337,109.7208213,1499,"absence"
2819,0,32.74583352,109.1374889,498,"absence"
6681,0,27.99583428,115.2624791,41,"absence"
7389,0,21.78750194,110.4291535,61,"absence"
3432,0,23.57916832,108.3458235,500,"absence"
13087,0,28.74583416,112.1791507,81,"absence"
2257,0,29.20416742,112.2208173,32,"absence"
5086,0,31.37083374,107.4708249,653,"absence"
7816,0,31.45416706,105.9291607,453,"absence"
17459,0,26.12083458,118.8458067,375,"absence"
9248,0,29.9541673,114.5124803,37,"absence"
2851,0,27.74583432,112.0958175,117,"absence"
8646,0,31.70416702,103.9291639,2397,"absence"
2344,0,27.62083434,113.2624823,74,"absence"
13803,0,32.16250028,107.0541589,863,"absence"
10797,0,26.45416786,105.2208285,1634,"absence"
6096,0,30.95416714,104.9708289,441,"absence"
18526,0,31.57916704,113.1374825,202,"absence"
908,0,23.37083502,104.6374961,1395,"absence"
2069,0,25.07916808,109.5958215,527,"absence"
9876,0,24.45416818,116.5124771,156,"absence"
28,0,31.12083378,102.2208333,3918,"absence"
5658,0,28.24583424,112.6374833,72,"absence"
10350,0,30.95416714,104.0124971,566,"absence"
187,0,23.87083494,121.1791363,2851,"absence"
769,0,33.24583344,119.0958063,5,"absence"
10587,0,32.91250016,118.3458075,63,"absence"
1036,0,30.9958338,109.3041553,193,"absence"
9890,0,31.87083366,119.1374729,4,"absence"
4245,0,32.16250028,117.6374753,61,"absence"
7230,0,33.03750014,118.3041409,13,"absence"
841,0,30.07916728,103.9708305,486,"absence"
3068,0,32.74583352,105.0124955,1661,"absence"
